{"import-mode":"files","sort":"numerical","order":"ascending","animation":{"name":"Walk Final left","speed":10,"loop":true,"repeat-count":1,"repeat-to":0,"ping-pong":false,"frame-durations":[1,1,1,1],"frame-collision-polys":[{"points":[1,1,0,1,0,0,1,0]},{"points":[1,1,0,1,0,0,1,0]},{"points":[1,1,0,1,0,0,1,0]},{"points":[1,1,0,1,0,0,1,0]}],"frame-image-points":[[{"originX":0.5,"originY":1}],[{"originX":0.5,"originY":1}],[{"originX":0.5,"originY":1}],[{"originX":0.5,"originY":1}]],"frame-tags":["","","",""]}}