{"import-mode":"files","sort":"numerical","order":"ascending","animation":{"name":"Walk 1 raised wings sped up","speed":10,"loop":true,"repeat-count":1,"repeat-to":0,"ping-pong":false,"frame-durations":[1,1,1,1],"frame-collision-polys":[{"points":[0,0,1,0,1,1,0,1]},{"points":[0,0,1,0,1,1,0,1]},{"points":[0,0,1,0,1,1,0,1]},{"points":[0,0,1,0,1,1,0,1]}],"frame-image-points":[[{"originX":0.5,"originY":1}],[{"originX":0.5,"originY":1}],[{"originX":0.5,"originY":1}],[{"originX":0.5,"originY":1}]],"frame-tags":["","","",""]}}